∑π∫ß,¿Œµ¶Ω∫,≈∏¿‘,º≥∏Ì,πŒ,∏∆Ω∫
1,10001,RESIST_FIRE_ADD,Fire Resistance +%,1,1
1,10002,RESIST_ICE_ADD,Ice Resistance +%,1,1
1,10003,RESIST_LIGHTNING_ADD,Lightning Resistance +%,1,1
1,10004,RESIST_POISON_ADD,Poison Resistance +%,1,1
1,10005,RESIST_CURSE_ADD,Curse Resistance +%,1,1
1,10006,RESIST_POISON_ADD,Poison Resistance +%,1,1
1,10007,DEFENSE_MIN_ADD,Defense +,5,12
2,10021,RESIST_FIRE_ADD,Fire Resistance +%,1,2
2,10022,RESIST_ICE_ADD,Ice Resistance +%,1,2
2,10023,RESIST_LIGHTNING_ADD,Lightning Resistance +%,1,2
2,10024,RESIST_POISON_ADD,Poison Resistance +%,1,2
2,10025,RESIST_CURSE_ADD,Curse Resistance +%,1,2
2,10026,RESIST_POISON_ADD,Poison Resistance +%,1,2
2,10027,DEFENSE_MIN_ADD,Defense +,7,15
21,10401,RESIST_FIRE_ADD,Blocking Success Rate +%,1,1
21,10402,RESIST_ICE_ADD,Guard Rate +-%,1,1
21,10403,RESIST_LIGHTNING_ADD,Defeat Success Rate +%,1,1
21,10404,RESIST_POISON_ADD,Defense +,1,1
21,10405,RESIST_CURSE_ADD,Defense +,1,1
21,10406,RESIST_POISON_ADD,Poison Resist +%,1,1
21,10407,DEFENSE_MIN_ADD,Defense +,5,12
21,10408,SPEED_MOVE_MUL,Movement Speed +%,1,2
22,10421,RESIST_FIRE_ADD,Blocking Success Rate +%,1,2
22,10422,RESIST_ICE_ADD,Guard Rate +-%,1,2
22,10423,RESIST_LIGHTNING_ADD,Defeat Success Rate +%,1,2
22,10424,RESIST_POISON_ADD,Defense +,1,2
22,10425,RESIST_CURSE_ADD,Defense +,1,2
22,10426,RESIST_POISON_ADD,Poison Resist +%,1,2
22,10427,DEFENSE_MIN_ADD,Defense +,7,15
22,10428,SPEED_MOVE_MUL,Movement Speed +%,2,3
41,10801,DAMAGE_PHYSICAL_MUL,Fire Attack +%,1,1
41,10802,DAMAGE_MINPHYSICAL_ADD,Ice Attack +%,12,17
41,10803,DAMAGE_MINPHYSICAL_ADD,Lightning Attack +%,12,17
41,10804,DAMAGE_MINPHYSICAL_ADD,Poison Attack +%,12,17
41,10805,DAMAGE_MINPHYSICAL_ADD,Curse Attack +%,12,17
41,10806,DAMAGERATE_CRITICAL_ADD,Physical Attack +,2,3
41,10807,DAMAGERATE_CRITICAL_ADD,Physical Attack +,2,3
42,10821,DAMAGE_PHYSICAL_MUL,Fire Attack +%,1,1
42,10822,DAMAGE_MINPHYSICAL_ADD,Ice Attack +%,17,24
42,10823,DAMAGE_MINPHYSICAL_ADD,Lightning Attack +%,17,24
42,10824,DAMAGE_MINPHYSICAL_ADD,Poison Attack +%,17,24
42,10825,DAMAGE_MINPHYSICAL_ADD,Curse Attack +%,17,24
42,10826,DAMAGERATE_CRITICAL_ADD,Physical Attack +,3,4
42,10827,DAMAGERATE_CRITICAL_ADD,Physical Attack +,3,4
61,11201,RESIST_FIRE_ADD,Defense +,1,1
61,11202,RESIST_ICE_ADD,Ice Resist +%,1,1
61,11203,RESIST_LIGHTNING_ADD,Lightning Resist +%,1,1
61,11204,RESIST_POISON_ADD,Poison Resist +%,1,1
61,11205,RESIST_CURSE_ADD,Curse Resist +%,1,1
61,11206,RESIST_POISON_ADD,Poison Resist +%,1,1
61,11207,DEFENSE_MIN_ADD,Defense +,14,24
61,11208,RESIST_ALL_ADD,All Resistance +,1,1
62,11221,RESIST_FIRE_ADD,Defense +,1,2
62,11222,RESIST_ICE_ADD,Ice Resist +%,1,2
62,11223,RESIST_LIGHTNING_ADD,Lightning Resist +%,1,2
62,11224,RESIST_POISON_ADD,Poison Resist +%,1,2
62,11225,RESIST_CURSE_ADD,Curse Resist +%,1,2
62,11226,RESIST_POISON_ADD,Poison Resist +%,1,2
62,11227,DEFENSE_MIN_ADD,Defense +,19,31
62,11228,RESIST_ALL_ADD,All Resistance +,1,1
81,11601,HP_MAX_ADD,Max HP +,130,186
81,11602,HP_RECOVERY_ADD,HP Recovery Rate +,1,2
81,11603,MP_MAX_ADD,Max MP +,57,82
81,11604,MP_RECOVERY_ADD,MP Recovery Rate +,1,2
82,11621,HP_MAX_ADD,Max HP +,190,246
82,11622,HP_RECOVERY_ADD,HP Recovery Rate +,2,3
82,11623,MP_MAX_ADD,Max MP +,84,108
82,11624,MP_RECOVERY_ADD,MP Recovery Rate +,2,3
101,12001,RESIST_FIRE_ADD,Fire Resistance +%,1,1
101,12002,RESIST_ICE_ADD,Ice Resistance +%,1,1
101,12003,RESIST_LIGHTNING_ADD,Lightning Resistance +%,1,1
101,12004,RESIST_POISON_ADD,Poison Resistance +%,1,1
101,12005,RESIST_CURSE_ADD,Curse Resistance +%,1,1
101,12006,RESIST_POISON_ADD,Poison Resistance +%,1,1
101,12007,DEFENSE_MIN_ADD,Defense +,5,12
102,12021,RESIST_FIRE_ADD,Fire Resistance +%,1,2
102,12022,RESIST_ICE_ADD,Ice Resistance +%,1,2
102,12023,RESIST_LIGHTNING_ADD,Lightning Resistance +%,1,2
102,12024,RESIST_POISON_ADD,Poison Resistance +%,1,2
102,12025,RESIST_CURSE_ADD,Curse Resistance +%,1,2
102,12026,RESIST_POISON_ADD,Poison Resistance +%,1,2
102,12027,DEFENSE_MIN_ADD,Defense +,7,15
121,12401,RESIST_FIRE_ADD,Blocking Success Rate +%,1,1
121,12402,RESIST_ICE_ADD,Guard Rate +-%,1,1
121,12403,RESIST_LIGHTNING_ADD,Defeat Success Rate +%,1,1
121,12404,RESIST_POISON_ADD,Defense +,1,1
121,12405,RESIST_CURSE_ADD,Defense +,1,1
121,12406,RESIST_POISON_ADD,Poison Resist +%,1,1
121,12407,DEFENSE_MIN_ADD,Defense +,5,12
121,12408,SPEED_MOVE_MUL,Movement Speed +%,1,2
122,12421,RESIST_FIRE_ADD,Blocking Success Rate +%,1,2
122,12422,RESIST_ICE_ADD,Guard Rate +-%,1,2
122,12423,RESIST_LIGHTNING_ADD,Defeat Success Rate +%,1,2
122,12424,RESIST_POISON_ADD,Defense +,1,2
122,12425,RESIST_CURSE_ADD,Defense +,1,2
122,12426,RESIST_POISON_ADD,Poison Resist +%,1,2
122,12427,DEFENSE_MIN_ADD,Defense +,7,15
122,12428,SPEED_MOVE_MUL,Movement Speed +%,2,3
141,12801,DAMAGE_PHYSICAL_MUL,Fire Attack +%,1,1
141,12802,DAMAGE_MINPHYSICAL_ADD,Ice Attack +%,12,17
141,12803,DAMAGE_MINPHYSICAL_ADD,Lightning Attack +%,12,17
141,12804,DAMAGE_MINPHYSICAL_ADD,Poison Attack +%,12,17
141,12805,DAMAGE_MINPHYSICAL_ADD,Curse Attack +%,12,17
141,12806,DAMAGERATE_CRITICAL_ADD,Physical Attack +,2,3
141,12807,DAMAGERATE_CRITICAL_ADD,Physical Attack +,2,3
142,12821,DAMAGE_PHYSICAL_MUL,Fire Attack +%,1,1
142,12822,DAMAGE_MINPHYSICAL_ADD,Ice Attack +%,17,24
142,12823,DAMAGE_MINPHYSICAL_ADD,Lightning Attack +%,17,24
142,12824,DAMAGE_MINPHYSICAL_ADD,Poison Attack +%,17,24
142,12825,DAMAGE_MINPHYSICAL_ADD,Curse Attack +%,17,24
142,12826,DAMAGERATE_CRITICAL_ADD,Physical Attack +,2,3
142,12827,DAMAGERATE_CRITICAL_ADD,Physical Attack +,3,4
161,13201,RESIST_FIRE_ADD,Defense +,1,1
161,13202,RESIST_ICE_ADD,Ice Resist +%,1,1
161,13203,RESIST_LIGHTNING_ADD,Lightning Resist +%,1,1
161,13204,RESIST_POISON_ADD,Poison Resist +%,1,1
161,13205,RESIST_CURSE_ADD,Curse Resist +%,1,1
161,13206,RESIST_POISON_ADD,Poison Resist +%,1,1
161,13207,DEFENSE_MIN_ADD,Defense +,14,24
161,13208,RESIST_ALL_ADD,All Resistance +,1,1
162,13221,RESIST_FIRE_ADD,Defense +,1,2
162,13222,RESIST_ICE_ADD,Ice Resist +%,1,2
162,13223,RESIST_LIGHTNING_ADD,Lightning Resist +%,1,2
162,13224,RESIST_POISON_ADD,Poison Resist +%,1,2
162,13225,RESIST_CURSE_ADD,Curse Resist +%,1,2
162,13226,RESIST_POISON_ADD,Poison Resist +%,1,2
162,13227,DEFENSE_MIN_ADD,Defense +,19,31
162,13228,RESIST_ALL_ADD,All Resistance +,1,1
181,13601,HP_MAX_ADD,Max HP +,130,186
181,13602,HP_RECOVERY_ADD,HP Recovery Rate +,1,2
181,13603,MP_MAX_ADD,Max MP +,57,82
181,13604,MP_RECOVERY_ADD,MP Recovery Rate +,1,2
182,13621,HP_MAX_ADD,Max HP +,190,246
182,13622,HP_RECOVERY_ADD,HP Recovery Rate +,2,3
182,13623,MP_MAX_ADD,Max MP +,84,108
182,13624,MP_RECOVERY_ADD,MP Recovery Rate +,2,3
201,14001,RESIST_FIRE_ADD,Fire Resistance +%,1,1
201,14002,RESIST_ICE_ADD,Ice Resistance +%,1,1
201,14003,RESIST_LIGHTNING_ADD,Lightning Resistance +%,1,1
201,14004,RESIST_POISON_ADD,Poison Resistance +%,1,1
201,14005,RESIST_CURSE_ADD,Curse Resistance +%,1,1
201,14006,RESIST_POISON_ADD,Poison Resistance +%,1,1
201,14007,DEFENSE_MIN_ADD,Defense +,5,12
202,14021,RESIST_FIRE_ADD,Fire Resistance +%,1,2
202,14022,RESIST_ICE_ADD,Ice Resistance +%,1,2
202,14023,RESIST_LIGHTNING_ADD,Lightning Resistance +%,1,2
202,14024,RESIST_POISON_ADD,Poison Resistance +%,1,2
202,14025,RESIST_CURSE_ADD,Curse Resistance +%,1,2
202,14026,RESIST_POISON_ADD,Poison Resistance +%,1,2
202,14027,DEFENSE_MIN_ADD,Defense +,7,15
221,14401,RESIST_FIRE_ADD,Blocking Success Rate +%,1,1
221,14402,RESIST_ICE_ADD,Guard Rate +-%,1,1
221,14403,RESIST_LIGHTNING_ADD,Defeat Success Rate +%,1,1
221,14404,RESIST_POISON_ADD,Defense +,1,1
221,14405,RESIST_CURSE_ADD,Defense +,1,1
221,14406,RESIST_POISON_ADD,Poison Resist +%,1,1
221,14407,DEFENSE_MIN_ADD,Defense +,5,12
221,14408,SPEED_MOVE_MUL,Movement Speed +%,1,2
222,14421,RESIST_FIRE_ADD,Blocking Success Rate +%,1,2
222,14422,RESIST_ICE_ADD,Guard Rate +-%,1,2
222,14423,RESIST_LIGHTNING_ADD,Defeat Success Rate +%,1,2
222,14424,RESIST_POISON_ADD,Defense +,1,2
222,14425,RESIST_CURSE_ADD,Defense +,1,2
222,14426,RESIST_POISON_ADD,Poison Resist +%,1,2
222,14427,DEFENSE_MIN_ADD,Defense +,7,15
222,14428,SPEED_MOVE_MUL,Movement Speed +%,2,3
241,14801,DAMAGE_MAGICAL_MUL,Fire Attack +%,1,1
241,14802,DAMAGE_MINMAGICAL_ADD,Ice Attack +%,11,15
241,14803,DAMAGE_MINMAGICAL_ADD,Lightning Attack +%,11,15
241,14804,DAMAGE_MINMAGICAL_ADD,Poison Attack +%,11,15
241,14805,DAMAGE_MINMAGICAL_ADD,Curse Attack +%,11,15
241,14806,DAMAGERATE_CRITICAL_ADD,Magic Attack +,2,3
241,14807,DAMAGERATE_CRITICAL_ADD,Magic Attack +,2,3
242,14821,DAMAGE_MAGICAL_MUL,Fire Attack +%,1,1
242,14822,DAMAGE_MINMAGICAL_ADD,Ice Attack +%,16,21
242,14823,DAMAGE_MINMAGICAL_ADD,Lightning Attack +%,16,21
242,14824,DAMAGE_MINMAGICAL_ADD,Poison Attack +%,16,21
242,14825,DAMAGE_MINMAGICAL_ADD,Curse Attack +%,16,21
242,14826,DAMAGERATE_CRITICAL_ADD,Magic Attack +,2,3
242,14827,DAMAGERATE_CRITICAL_ADD,Magic Attack +,3,4
261,15201,RESIST_FIRE_ADD,Fire Resist +%,1,1
261,15202,RESIST_ICE_ADD,Ice Resist +%,1,1
261,15203,RESIST_LIGHTNING_ADD,Lightning Resist +%,1,1
261,15204,RESIST_POISON_ADD,Poison Resist +%,1,1
261,15205,RESIST_CURSE_ADD,Curse Resist +%,1,1
261,15206,RESIST_POISON_ADD,Poison Resist +%,1,1
261,15207,DEFENSE_MIN_ADD,Defense +,14,24
261,15208,RESIST_ALL_ADD,All Resistance +,1,1
262,15221,RESIST_FIRE_ADD,Fire Resist +%,1,2
262,15222,RESIST_ICE_ADD,Ice Resist +%,1,2
262,15223,RESIST_LIGHTNING_ADD,Lightning Resist +%,1,2
262,15224,RESIST_POISON_ADD,Poison Resist +%,1,2
262,15225,RESIST_CURSE_ADD,Curse Resist +%,1,2
262,15226,RESIST_POISON_ADD,Poison Resist +%,1,2
262,15227,DEFENSE_MIN_ADD,Defense +,19,31
262,15228,RESIST_ALL_ADD,All Resistance +,1,1
281,15601,HP_MAX_ADD,Max HP +,130,186
281,15602,HP_RECOVERY_ADD,HP Recovery Rate +,1,2
281,15603,MP_MAX_ADD,Max MP +,57,82
281,15604,MP_RECOVERY_ADD,MP Recovery Rate +,1,2
282,15621,HP_MAX_ADD,Max HP +,190,246
282,15622,HP_RECOVERY_ADD,HP Recovery Rate +,2,3
282,15623,MP_MAX_ADD,Max MP +,84,108
282,15624,MP_RECOVERY_ADD,MP Recovery Rate +,2,3
301,16001,RESIST_FIRE_ADD,Fire Resist +%,1,1
301,16002,RESIST_ICE_ADD,Ice Resist +%,1,1
301,16003,RESIST_LIGHTNING_ADD,Lightning Resist +%,1,1
301,16004,RESIST_POISON_ADD,Poison Resist +%,1,1
301,16005,RESIST_CURSE_ADD,Curse Resist +%,1,1
301,16006,RESIST_POISON_ADD,Poison Resist +%,1,1
301,16007,DEFENSE_MIN_ADD,Defense +,5,12
302,16021,RESIST_FIRE_ADD,Fire Resist +%,1,2
302,16022,RESIST_ICE_ADD,Ice Resist +%,1,2
302,16023,RESIST_LIGHTNING_ADD,Lightning Resist +%,1,2
302,16024,RESIST_POISON_ADD,Poison Resist +%,1,2
302,16025,RESIST_CURSE_ADD,Curse Resist +%,1,2
302,16026,RESIST_POISON_ADD,Poison Resist +%,1,2
302,16027,DEFENSE_MIN_ADD,Defense +,7,15
321,16401,RESIST_FIRE_ADD,Fire Resist +%,1,1
321,16402,RESIST_ICE_ADD,Ice Resist +%,1,1
321,16403,RESIST_LIGHTNING_ADD,Lightning Resist +%,1,1
321,16404,RESIST_POISON_ADD,Poison Resist +%,1,1
321,16405,RESIST_CURSE_ADD,Curse Resist +%,1,1
321,16406,RESIST_POISON_ADD,Poison Resist +%,1,1
321,16407,DEFENSE_MIN_ADD,Defense +,5,12
321,16408,SPEED_MOVE_MUL,Movement Speed +%,1,2
322,16421,RESIST_FIRE_ADD,Fire Resist +%,1,2
322,16422,RESIST_ICE_ADD,Ice Resist +%,1,2
322,16423,RESIST_LIGHTNING_ADD,Lightning Resist +%,1,2
322,16424,RESIST_POISON_ADD,Poison Resist +%,1,2
322,16425,RESIST_CURSE_ADD,Curse Resist +%,1,2
322,16426,RESIST_POISON_ADD,Poison Resist +%,1,2
322,16427,DEFENSE_MIN_ADD,Defense +,7,15
322,16428,SPEED_MOVE_MUL,Movement Speed +%,2,3
341,16801,DAMAGE_MAGICAL_MUL,Magic Attack +%,1,1
341,16802,DAMAGE_PHYSICAL_MUL,Physical Attack +%,1,1
341,16803,DAMAGE_MINMAGICAL_ADD,Magic Attack +,11,15
341,16804,DAMAGE_MINMAGICAL_ADD,Magic Attack +,11,15
341,16805,DAMAGE_MINPHYSICAL_ADD,Physical Attack +,12,17
341,16806,DAMAGE_MINPHYSICAL_ADD,Physical Attack +,12,17
341,16807,DAMAGERATE_CRITICAL_ADD,Critical Attack +%,1,1
341,16808,DAMAGERATE_CRITICAL_ADD,Critical Attack +%,1,1
342,16821,DAMAGE_MAGICAL_MUL,Magic Attack +%,1,1
342,16822,DAMAGE_PHYSICAL_MUL,Physical Attack +%,1,1
342,16823,DAMAGE_MINMAGICAL_ADD,Magic Attack +,16,21
342,16824,DAMAGE_MINMAGICAL_ADD,Magic Attack +,16,21
342,16825,DAMAGE_MINPHYSICAL_ADD,Physical Attack +,17,24
342,16826,DAMAGE_MINPHYSICAL_ADD,Physical Attack +,17,24
342,16827,DAMAGERATE_CRITICAL_ADD,Critical Attack +%,1,1
342,16828,DAMAGERATE_CRITICAL_ADD,Critical Attack +%,1,1
361,17201,RESIST_FIRE_ADD,Fire Resist +%,1,1
361,17202,RESIST_ICE_ADD,Ice Resist +%,1,1
361,17203,RESIST_LIGHTNING_ADD,Lightning Resist +%,1,1
361,17204,RESIST_POISON_ADD,Poison Resist +%,1,1
361,17205,RESIST_CURSE_ADD,Curse Resist +%,1,1
361,17206,RESIST_POISON_ADD,Poison Resist +%,1,1
361,17207,DEFENSE_MIN_ADD,Defense +,14,24
361,17208,RESIST_ALL_ADD,All Resistance +,1,1
362,17221,RESIST_FIRE_ADD,Fire Resist +%,1,2
362,17222,RESIST_ICE_ADD,Ice Resist +%,1,2
362,17223,RESIST_LIGHTNING_ADD,Lightning Resist +%,1,2
362,17224,RESIST_POISON_ADD,Poison Resist +%,1,2
362,17225,RESIST_CURSE_ADD,Curse Resist +%,1,2
362,17226,RESIST_POISON_ADD,Poison Resist +%,1,2
362,17227,DEFENSE_MIN_ADD,Defense +,19,31
362,17228,RESIST_ALL_ADD,All Resistance +,1,1
381,17601,HP_MAX_ADD,Max HP +,130,186
381,17602,HP_RECOVERY_ADD,HP Recovery Rate +,1,2
381,17603,MP_MAX_ADD,Max MP +,57,82
381,17604,MP_RECOVERY_ADD,MP Recovery Rate +,1,2
382,17621,HP_MAX_ADD,Max HP +,190,246
382,17622,HP_RECOVERY_ADD,HP Recovery Rate +,2,3
382,17623,MP_MAX_ADD,Max MP +,84,108
382,17624,MP_RECOVERY_ADD,MP Recovery Rate +,2,3
401,18001,RESIST_FIRE_ADD,Fire Resist +%,1,1
401,18002,RESIST_ICE_ADD,Ice Resist +%,1,1
401,18003,RESIST_LIGHTNING_ADD,Lightning Resist +%,1,1
401,18004,RESIST_POISON_ADD,Poison Resist +%,1,1
401,18005,RESIST_CURSE_ADD,Curse Resist +%,1,1
401,18006,RESIST_POISON_ADD,Poison Resist +%,1,1
401,18007,DEFENSE_MIN_ADD,Defense +,5,12
402,18021,RESIST_FIRE_ADD,Fire Resist +%,1,2
402,18022,RESIST_ICE_ADD,Ice Resist +%,1,2
402,18023,RESIST_LIGHTNING_ADD,Lightning Resist +%,1,2
402,18024,RESIST_POISON_ADD,Poison Resist +%,1,2
402,18025,RESIST_CURSE_ADD,Curse Resist +%,1,2
402,18026,RESIST_POISON_ADD,Poison Resist +%,1,2
402,18027,DEFENSE_MIN_ADD,Defense +,7,15
421,18401,RESIST_FIRE_ADD,Fire Resist +%,1,1
421,18402,RESIST_ICE_ADD,Ice Resist +%,1,1
421,18403,RESIST_LIGHTNING_ADD,Lightning Resist +%,1,1
421,18404,RESIST_POISON_ADD,Poison Resist +%,1,1
421,18405,RESIST_CURSE_ADD,Curse Resist +%,1,1
421,18406,RESIST_POISON_ADD,Poison Resist +%,1,1
421,18407,DEFENSE_MIN_ADD,Defense +,5,12
421,18408,SPEED_MOVE_MUL,Movement Speed +%,1,2
422,18421,RESIST_FIRE_ADD,Fire Resist +%,1,2
422,18422,RESIST_ICE_ADD,Ice Resist +%,1,2
422,18423,RESIST_LIGHTNING_ADD,Lightning Resist +%,1,2
422,18424,RESIST_POISON_ADD,Poison Resist +%,1,2
422,18425,RESIST_CURSE_ADD,Curse Resist +%,1,2
422,18426,RESIST_POISON_ADD,Poison Resist +%,1,2
422,18427,DEFENSE_MIN_ADD,Defense +,7,15
422,18428,SPEED_MOVE_MUL,Movement Speed +%,2,3
441,18801,DAMAGERATE_CURSE_ADD,Curse Attack +%,1,1
441,18802,DAMAGE_MINMAGICAL_ADD,Magic Attack +,11,15
441,18803,DAMAGE_MINMAGICAL_ADD,Magic Attack +,11,15
441,18804,DAMAGEADD_CURSE_ADD,Additional Elemental Damage CURSE +,12,17
441,18805,DAMAGEADD_CURSE_ADD,Additional Elemental Damage CURSE +,12,17
441,18806,DAMAGERATE_CRITICAL_ADD,Critical Attack +%,1,1
441,18807,DAMAGERATE_CRITICAL_ADD,Critical Attack +%,1,1
442,18821,DAMAGERATE_CURSE_ADD,Curse Attack +%,1,1
442,18822,DAMAGE_MINMAGICAL_ADD,Magic Attack +,16,21
442,18823,DAMAGE_MINMAGICAL_ADD,Magic Attack +,16,21
442,18824,DAMAGEADD_CURSE_ADD,Additional Elemental Damage CURSE +,17,24
442,18825,DAMAGEADD_CURSE_ADD,Additional Elemental Damage CURSE +,17,24
442,18826,DAMAGERATE_CRITICAL_ADD,Critical Attack +%,1,1
442,18827,DAMAGERATE_CRITICAL_ADD,Critical Attack +%,1,1
461,19201,RESIST_FIRE_ADD,Fire Resist +%,1,1
461,19202,RESIST_ICE_ADD,Ice Resist +%,1,1
461,19203,RESIST_LIGHTNING_ADD,Lightning Resist +%,1,1
461,19204,RESIST_POISON_ADD,Poison Resist +%,1,1
461,19205,RESIST_CURSE_ADD,Curse Resist +%,1,1
461,19206,RESIST_POISON_ADD,Poison Resist +%,1,1
461,19207,DEFENSE_MIN_ADD,Defense +,14,24
461,19208,RESIST_ALL_ADD,All Resistance +,1,1
462,19221,RESIST_FIRE_ADD,Fire Resist +%,1,2
462,19222,RESIST_ICE_ADD,Ice Resist +%,1,2
462,19223,RESIST_LIGHTNING_ADD,Lightning Resist +%,1,2
462,19224,RESIST_POISON_ADD,Poison Resist +%,1,2
462,19225,RESIST_CURSE_ADD,Curse Resist +%,1,2
462,19226,RESIST_POISON_ADD,Poison Resist +%,1,2
462,19227,DEFENSE_MIN_ADD,Defense +,19,31
462,19228,RESIST_ALL_ADD,All Resistance +,1,1
481,19601,HP_MAX_ADD,Max HP +,130,186
481,19602,HP_RECOVERY_ADD,HP Recovery Rate +,1,2
481,19603,MP_MAX_ADD,Max MP +,57,82
481,19604,MP_RECOVERY_ADD,MP Recovery Rate +,1,2
482,19621,HP_MAX_ADD,Max HP +,190,246
482,19622,HP_RECOVERY_ADD,HP Recovery Rate +,2,3
482,19623,MP_MAX_ADD,Max MP +,84,108
482,19624,MP_RECOVERY_ADD,MP Recovery Rate +,2,3
501,20001,RESIST_FIRE_ADD,Fire Resist +%,1,1
501,20002,RESIST_ICE_ADD,Ice Resist +%,1,1
501,20003,RESIST_LIGHTNING_ADD,Lightning Resist +%,1,1
501,20004,RESIST_POISON_ADD,Poison Resist +%,1,1
501,20005,RESIST_CURSE_ADD,Curse Resist +%,1,1
501,20006,RESIST_POISON_ADD,Poison Resist +%,1,1
501,20007,DEFENSE_MIN_ADD,Defense +,5,12
502,20021,RESIST_FIRE_ADD,Fire Resist +%,1,2
502,20022,RESIST_ICE_ADD,Ice Resist +%,1,2
502,20023,RESIST_LIGHTNING_ADD,Lightning Resist +%,1,2
502,20024,RESIST_POISON_ADD,Poison Resist +%,1,2
502,20025,RESIST_CURSE_ADD,Curse Resist +%,1,2
502,20026,RESIST_POISON_ADD,Poison Resist +%,1,2
502,20027,DEFENSE_MIN_ADD,Defense +,7,15
521,20401,RESIST_FIRE_ADD,Fire Resist +%,1,1
521,20402,RESIST_ICE_ADD,Ice Resist +%,1,1
521,20403,RESIST_LIGHTNING_ADD,Lightning Resist +%,1,1
521,20404,RESIST_POISON_ADD,Poison Resist +%,1,1
521,20405,RESIST_CURSE_ADD,Curse Resist +%,1,1
521,20406,RESIST_POISON_ADD,Poison Resist +%,1,1
521,20407,DEFENSE_MIN_ADD,Defense +,5,12
521,20408,SPEED_MOVE_MUL,Movement Speed +%,1,2
522,20421,RESIST_FIRE_ADD,Fire Resist +%,1,2
522,20422,RESIST_ICE_ADD,Ice Resist +%,1,2
522,20423,RESIST_LIGHTNING_ADD,Lightning Resist +%,1,2
522,20424,RESIST_POISON_ADD,Poison Resist +%,1,2
522,20425,RESIST_CURSE_ADD,Curse Resist +%,1,2
522,20426,RESIST_POISON_ADD,Poison Resist +%,1,2
522,20427,DEFENSE_MIN_ADD,Defense +,7,15
522,20428,SPEED_MOVE_MUL,Movement Speed +%,2,3
541,20801,DAMAGE_PHYSICAL_MUL,Physical Attack +%,1,1
541,20802,DAMAGE_MINPHYSICAL_ADD,Physical Attack +,12,17
541,20803,DAMAGE_MINPHYSICAL_ADD,Physical Attack +,12,17
541,20804,DAMAGE_MINPHYSICAL_ADD,Physical Attack +,12,17
541,20805,DAMAGE_MINPHYSICAL_ADD,Physical Attack +,12,17
541,20806,DAMAGERATE_CRITICAL_ADD,Critical Attack +%,2,3
541,20807,DAMAGERATE_CRITICAL_ADD,Critical Attack +%,2,3
542,20821,DAMAGE_PHYSICAL_MUL,Physical Attack +%,1,1
542,20822,DAMAGE_MINPHYSICAL_ADD,Physical Attack +,17,24
542,20823,DAMAGE_MINPHYSICAL_ADD,Physical Attack +,17,24
542,20824,DAMAGE_MINPHYSICAL_ADD,Physical Attack +,17,24
542,20825,DAMAGE_MINPHYSICAL_ADD,Physical Attack +,17,24
542,20826,DAMAGERATE_CRITICAL_ADD,Critical Attack +%,3,4
542,20827,DAMAGERATE_CRITICAL_ADD,Critical Attack +%,3,4
561,21201,RESIST_FIRE_ADD,Fire Resist +%,1,1
561,21202,RESIST_ICE_ADD,Ice Resist +%,1,1
561,21203,RESIST_LIGHTNING_ADD,Lightning Resist +%,1,1
561,21204,RESIST_POISON_ADD,Poison Resist +%,1,1
561,21205,RESIST_CURSE_ADD,Curse Resist +%,1,1
561,21206,RESIST_POISON_ADD,Poison Resist +%,1,1
561,21207,DEFENSE_MIN_ADD,Defense +,14,24
561,21208,RESIST_ALL_ADD,All Resistance +,1,1
562,21221,RESIST_FIRE_ADD,Fire Resist +%,1,2
562,21222,RESIST_ICE_ADD,Ice Resist +%,1,2
562,21223,RESIST_LIGHTNING_ADD,Lightning Resist +%,1,2
562,21224,RESIST_POISON_ADD,Poison Resist +%,1,2
562,21225,RESIST_CURSE_ADD,Curse Resist +%,1,2
562,21226,RESIST_POISON_ADD,Poison Resist +%,1,2
562,21227,DEFENSE_MIN_ADD,Defense +,19,31
562,21228,RESIST_ALL_ADD,All Resistance +,1,1
581,21601,HP_MAX_ADD,Max HP +,130,186
581,21602,HP_RECOVERY_ADD,HP Recovery Rate +,1,2
581,21603,MP_MAX_ADD,Max MP +,57,82
581,21604,MP_RECOVERY_ADD,MP Recovery Rate +,1,2
582,21621,HP_MAX_ADD,Max HP +,190,246
582,21622,HP_RECOVERY_ADD,HP Recovery Rate +,2,3
582,21623,MP_MAX_ADD,Max MP +,84,108
582,21624,MP_RECOVERY_ADD,MP Recovery Rate +,2,3
601,22001,DEFENSE_MIN_ADD,Defense +,9,17
601,22002,RESIST_MELEE_ADD,Physical Resist +%,1,1
601,22003,RESIST_ALL_ADD,All Resistance +,1,1
601,22004,RESIST_ALL_ADD,All Resistance +,1,1
611,22201,DEFENSE_MIN_ADD,Defense +,9,17
611,22202,SPEED_MOVE_MUL,Movement Speed +%,1,2
611,22203,RESIST_ALL_ADD,All Resistance +,1,1
611,22204,RESIST_ALL_ADD,All Resistance +,1,1
621,22401,DAMAGE_PHYSICAL_MUL,Physical Attack +%,1,2
621,22402,DAMAGERATE_CRITICAL_ADD,Critical Attack +%,4,5
621,22403,DAMAGERATE_CRITICAL_ADD,Critical Attack +%,4,5
631,22601,DEFENSE_MIN_ADD,Defense +,25,35
631,22602,DEFENSE_MIN_ADD,Defense +,25,35
631,22603,RESIST_ALL_ADD,All Resistance +,1,1
631,22604,RESIST_ALL_ADD,All Resistance +,1,1
641,22801,HP_MAX_ADD,Max HP +,250,307
641,22802,MP_MAX_ADD,Max MP +,110,135
641,22803,MP_MAX_ADD,Max MP +,110,135
651,23001,DEFENSE_MIN_ADD,Defense +,9,17
651,23002,RESIST_MELEE_ADD,Physical Resist +%,1,1
651,23003,RESIST_ALL_ADD,All Resistance +,1,1
651,23004,RESIST_ALL_ADD,All Resistance +,1,1
661,23201,DEFENSE_MIN_ADD,Defense +,9,17
661,23202,SPEED_MOVE_MUL,Movement Speed +%,1,2
661,23203,RESIST_ALL_ADD,All Resistance +,1,1
661,23204,RESIST_ALL_ADD,All Resistance +,1,1
671,23401,DAMAGE_PHYSICAL_MUL,Physical Attack +%,1,2
671,23402,DAMAGERATE_CRITICAL_ADD,Critical Attack +%,4,5
671,23403,DAMAGERATE_CRITICAL_ADD,Critical Attack +%,4,5
681,23601,DEFENSE_MIN_ADD,Defense +,25,35
681,23602,DEFENSE_MIN_ADD,Defense +,25,35
681,23603,RESIST_ALL_ADD,All Resistance +,1,1
681,23604,RESIST_ALL_ADD,All Resistance +,1,1
691,23801,HP_MAX_ADD,Max HP +,250,307
691,23802,MP_MAX_ADD,Max MP +,110,135
691,23803,MP_MAX_ADD,Max MP +,110,135
701,24001,DEFENSE_MIN_ADD,Defense +,9,17
701,24002,RESIST_MELEE_ADD,Physical Resist +%,1,1
701,24003,RESIST_ALL_ADD,All Resistance +,1,1
701,24004,RESIST_ALL_ADD,All Resistance +,1,1
711,24201,DEFENSE_MIN_ADD,Defense +,9,17
711,24202,SPEED_MOVE_MUL,Movement Speed +%,1,2
711,24203,RESIST_ALL_ADD,All Resistance +,1,1
711,24204,RESIST_ALL_ADD,All Resistance +,1,1
721,24401,DAMAGE_MAGICAL_MUL,Magic Attack +%,1,2
721,24402,DAMAGERATE_CRITICAL_ADD,Critical Attack +%,4,5
721,24403,DAMAGERATE_CRITICAL_ADD,Critical Attack +%,4,5
731,24601,DEFENSE_MIN_ADD,Defense +,25,35
731,24602,DEFENSE_MIN_ADD,Defense +,25,35
731,24603,RESIST_ALL_ADD,All Resistance +,1,1
731,24604,RESIST_ALL_ADD,All Resistance +,1,1
741,24801,HP_MAX_ADD,Max HP +,250,307
741,24802,MP_MAX_ADD,Max MP +,110,135
741,24803,MP_MAX_ADD,Max MP +,110,135
751,25001,DEFENSE_MIN_ADD,Defense +,9,17
751,25002,RESIST_MELEE_ADD,Physical Resist +%,1,1
751,25003,RESIST_ALL_ADD,All Resistance +,1,1
751,25004,RESIST_ALL_ADD,All Resistance +,1,1
761,25201,DEFENSE_MIN_ADD,Defense +,9,17
761,25202,SPEED_MOVE_MUL,Movement Speed +%,1,2
761,25203,RESIST_ALL_ADD,All Resistance +,1,1
761,25204,RESIST_ALL_ADD,All Resistance +,1,1
771,25401,DAMAGE_MAGICAL_MUL,Magic Attack +%,1,2
771,25402,DAMAGE_PHYSICAL_MUL,Physical Attack +%,1,2
771,25403,DAMAGERATE_CRITICAL_ADD,Critical Attack +%,4,5
771,25404,DAMAGERATE_CRITICAL_ADD,Critical Attack +%,4,5
781,25601,DEFENSE_MIN_ADD,Defense +,25,35
781,25602,DEFENSE_MIN_ADD,Defense +,25,35
781,25603,RESIST_ALL_ADD,All Resistance +,1,1
781,25604,RESIST_ALL_ADD,All Resistance +,1,1
791,25801,HP_MAX_ADD,Max HP +,250,307
791,25802,MP_MAX_ADD,Max MP +,110,135
791,25803,MP_MAX_ADD,Max MP +,110,135
801,26001,DEFENSE_MIN_ADD,Defense +,9,17
801,26002,RESIST_MELEE_ADD,Physical Resist +%,1,1
801,26003,RESIST_ALL_ADD,All Resistance +,1,1
801,26004,RESIST_ALL_ADD,All Resistance +,1,1
811,26201,DEFENSE_MIN_ADD,Defense +,9,17
811,26202,SPEED_MOVE_MUL,Movement Speed +%,1,2
811,26203,RESIST_ALL_ADD,All Resistance +,1,1
811,26204,RESIST_ALL_ADD,All Resistance +,1,1
821,26401,DAMAGERATE_CURSE_ADD,Curse Attack +%,1,2
821,26402,DAMAGERATE_CRITICAL_ADD,Critical Attack +%,4,5
821,26403,DAMAGERATE_CRITICAL_ADD,Critical Attack +%,4,5
831,26601,DEFENSE_MIN_ADD,Defense +,25,35
831,26602,DEFENSE_MIN_ADD,Defense +,25,35
831,26603,RESIST_ALL_ADD,All Resistance +,1,1
831,26604,RESIST_ALL_ADD,All Resistance +,1,1
841,26801,HP_MAX_ADD,Max HP +,250,307
841,26802,MP_MAX_ADD,Max MP +,110,135
841,26803,MP_MAX_ADD,Max MP +,110,135
851,27001,DEFENSE_MIN_ADD,Defense +,9,17
851,27002,RESIST_MELEE_ADD,Physical Resist +%,1,1
851,27003,RESIST_ALL_ADD,All Resistance +,1,1
851,27004,RESIST_ALL_ADD,All Resistance +,1,1
861,27201,DEFENSE_MIN_ADD,Defense +,9,17
861,27202,SPEED_MOVE_MUL,Movement Speed +%,1,2
861,27203,RESIST_ALL_ADD,All Resistance +,1,1
861,27204,RESIST_ALL_ADD,All Resistance +,1,1
871,27401,DAMAGE_PHYSICAL_MUL,Physical Attack +%,1,2
871,27402,DAMAGERATE_CRITICAL_ADD,Critical Attack +%,4,5
871,27403,DAMAGERATE_CRITICAL_ADD,Critical Attack +%,4,5
881,27601,DEFENSE_MIN_ADD,Defense +,25,35
881,27602,DEFENSE_MIN_ADD,Defense +,25,35
881,27603,RESIST_ALL_ADD,All Resistance +,1,1
881,27604,RESIST_ALL_ADD,All Resistance +,1,1
891,27801,HP_MAX_ADD,Max HP +,250,307
891,27802,MP_MAX_ADD,Max MP +,110,135
891,27803,MP_MAX_ADD,Max MP +,110,135
2001,27804,HP_MAX_ADD,Increase Increase Max HP,5,20
2001,27805,HP_RECOVERY_ADD,Increase HP Recovery Speed +,1,3
2001,27806,MP_MAX_ADD,Increase Max MP,5,20
2001,27807,MP_RECOVERY_ADD,Increase MP Recovery Speed +,1,3
2001,27808,RESIST_FIRE_ADD,Increase Resistance against Fire.,1,1
2001,27809,RESIST_ICE_ADD,Increase Resistance against Ice.,1,1
2001,27810,RESIST_LIGHTNING_ADD,Increase Resistance against Lightning.,1,1
2001,27811,RESIST_POISON_ADD,Increase Resistance against Poison.,1,1
2001,27812,RESIST_CURSE_ADD,Increase Resistance against Curse.,1,1
2001,27813,DAMAGE_MINPHYSICAL_ADD,Increase Attack,3,18
2001,27814,DAMAGE_MINMAGICAL_ADD,Increase Magic Attack,3,18
2001,27815,DAMAGERATE_FIRE_ADD,Fire Attack Increased by %,1,1
2001,27816,DAMAGERATE_ICE_ADD,Ice Attack Increased by %,1,1
2001,27817,DAMAGERATE_LIGHTNING_ADD,Lightning Attack Increased by %,1,1
2001,27818,DAMAGERATE_POISON_ADD,Poison Attack Increased by %,1,1
2001,27819,DAMAGERATE_CURSE_ADD,Curse Attack Increased by %,1,1
2001,27820,RATING_CRITICAL_ADD,Increase Success Rate of Critical Attack,1,1
2001,27821,DEFENSE_MIN_ADD,Increase Defense,2,15
2002,27822,RESIST_FIRE_ADD,Increase Resistance against Fire.,1,1
2002,27823,RESIST_ICE_ADD,Increase Resistance against Ice.,1,1
2002,27824,RESIST_LIGHTNING_ADD,Increase Resistance against Lightning.,1,1
2002,27825,RESIST_POISON_ADD,Increase Resistance against Poison.,1,1
2002,27826,RESIST_CURSE_ADD,Increase Resistance against Curse.,1,1
2002,27827,RESIST_POISON_ADD,Increase Resistance against Poison.,1,1
2002,27828,DEFENSE_MIN_ADD,Increase Defense,1,2
2003,27829,RESIST_FIRE_ADD,Increase Resistance against Fire.,1,1
2003,27830,RESIST_ICE_ADD,Increase Resistance against Ice.,1,1
2003,27831,RESIST_LIGHTNING_ADD,Increase Resistance against Lightning.,1,1
2003,27832,RESIST_POISON_ADD,Increase Resistance against Poison.,1,1
2003,27833,RESIST_CURSE_ADD,Increase Resistance against Curse.,1,1
2003,27834,RESIST_POISON_ADD,Increase Resistance against Poison.,1,1
2003,27835,DEFENSE_MIN_ADD,Increase Defense,2,4
2004,27836,RESIST_FIRE_ADD,Increase Resistance against Fire.,1,1
2004,27837,RESIST_ICE_ADD,Increase Resistance against Ice.,1,1
2004,27838,RESIST_LIGHTNING_ADD,Increase Resistance against Lightning.,1,1
2004,27839,RESIST_POISON_ADD,Increase Resistance against Poison.,1,1
2004,27840,RESIST_CURSE_ADD,Increase Resistance against Curse.,1,1
2004,27841,RESIST_POISON_ADD,Increase Resistance against Poison.,1,1
2004,27842,DEFENSE_MIN_ADD,Increase Defense,5,7
2005,27843,RESIST_FIRE_ADD,Increase Resistance against Fire.,1,1
2005,27844,RESIST_ICE_ADD,Increase Resistance against Ice.,1,1
2005,27845,RESIST_LIGHTNING_ADD,Increase Resistance against Lightning.,1,1
2005,27846,RESIST_POISON_ADD,Increase Resistance against Poison.,1,1
2005,27847,RESIST_CURSE_ADD,Increase Resistance against Curse.,1,1
2005,27848,RESIST_POISON_ADD,Increase Resistance against Poison.,1,1
2005,27849,DEFENSE_MIN_ADD,Increase Defense,7,9
2006,27850,RESIST_FIRE_ADD,Increase Resistance against Fire.,1,1
2006,27851,RESIST_ICE_ADD,Increase Resistance against Ice.,1,1
2006,27852,RESIST_LIGHTNING_ADD,Increase Resistance against Lightning.,1,1
2006,27853,RESIST_POISON_ADD,Increase Resistance against Poison.,1,1
2006,27854,RESIST_CURSE_ADD,Increase Resistance against Curse.,1,1
2006,27855,RESIST_POISON_ADD,Increase Resistance against Poison.,1,1
2006,27856,DEFENSE_MIN_ADD,Increase Defense,9,12
2007,27857,RESIST_FIRE_ADD,Increase Resistance against Fire.,1,1
2007,27858,RESIST_ICE_ADD,Increase Resistance against Ice.,1,1
2007,27859,RESIST_LIGHTNING_ADD,Increase Resistance against Lightning.,1,1
2007,27860,RESIST_POISON_ADD,Increase Resistance against Poison.,1,1
2007,27861,RESIST_CURSE_ADD,Increase Resistance against Curse.,1,1
2007,27862,RESIST_POISON_ADD,Increase Resistance against Poison.,1,1
2007,27863,DEFENSE_MIN_ADD,Increase Defense,12,15
2008,27864,RESIST_FIRE_ADD,Increase Resistance against Fire.,1,1
2008,27865,RESIST_ICE_ADD,Increase Resistance against Ice.,1,1
2008,27866,RESIST_LIGHTNING_ADD,Increase Resistance against Lightning.,1,1
2008,27867,RESIST_POISON_ADD,Increase Resistance against Poison.,1,1
2008,27868,RESIST_CURSE_ADD,Increase Resistance against Curse.,1,1
2008,27869,RESIST_POISON_ADD,Increase Resistance against Poison.,1,1
2008,27870,DEFENSE_MIN_ADD,Increase Defense,16,17
2009,27871,RESIST_FIRE_ADD,Increase Resistance against Fire.,1,1
2009,27872,RESIST_ICE_ADD,Increase Resistance against Ice.,1,1
2009,27873,RESIST_LIGHTNING_ADD,Increase Resistance against Lightning.,1,1
2009,27874,RESIST_POISON_ADD,Increase Resistance against Poison.,1,1
2009,27875,RESIST_CURSE_ADD,Increase Resistance against Curse.,1,1
2009,27876,RESIST_POISON_ADD,Increase Resistance against Poison.,1,1
2009,27877,DEFENSE_MIN_ADD,Increase Defense,17,18
2010,27878,RESIST_FIRE_ADD,Increase Resistance against Fire.,1,1
2010,27879,RESIST_ICE_ADD,Increase Resistance against Ice.,1,1
2010,27880,RESIST_LIGHTNING_ADD,Increase Resistance against Lightning.,1,1
2010,27881,RESIST_POISON_ADD,Increase Resistance against Poison.,1,1
2010,27882,RESIST_CURSE_ADD,Increase Resistance against Curse.,1,1
2010,27883,RESIST_POISON_ADD,Increase Resistance against Poison.,1,1
2010,27884,DEFENSE_MIN_ADD,Increase Defense,19,20
2011,27885,RESIST_FIRE_ADD,Increase Resistance against Fire.,1,1
2011,27886,RESIST_ICE_ADD,Increase Resistance against Ice.,1,1
2011,27887,RESIST_LIGHTNING_ADD,Increase Resistance against Lightning.,1,1
2011,27888,RESIST_POISON_ADD,Increase Resistance against Poison.,1,1
2011,27889,RESIST_CURSE_ADD,Increase Resistance against Curse.,1,1
2011,27890,RESIST_POISON_ADD,Increase Resistance against Poison.,1,1
2011,27891,DEFENSE_MIN_ADD,Increase Defense,20,21
2012,27892,DEFENSE_MIN_ADD,Increase Defense,1,2
2012,27893,RESIST_ICE_ADD,Increase Resistance against Ice.,1,1
2012,27894,RESIST_LIGHTNING_ADD,Increase Resistance against Lightning.,1,1
2012,27895,RESIST_POISON_ADD,Increase Resistance against Poison.,1,1
2012,27896,RESIST_CURSE_ADD,Increase Resistance against Curse.,1,1
2012,27897,RESIST_POISON_ADD,Increase Resistance against Poison.,1,1
2013,27898,DEFENSE_MIN_ADD,Increase Defense,2,4
2013,27899,RESIST_ICE_ADD,Increase Resistance against Ice.,1,1
2013,27900,RESIST_LIGHTNING_ADD,Increase Resistance against Lightning.,1,1
2013,27901,RESIST_POISON_ADD,Increase Resistance against Poison.,1,1
2013,27902,RESIST_CURSE_ADD,Increase Resistance against Curse.,1,1
2013,27903,RESIST_POISON_ADD,Increase Resistance against Poison.,1,1
2014,27904,DEFENSE_MIN_ADD,Increase Defense,5,7
2014,27905,RESIST_ICE_ADD,Increase Resistance against Ice.,1,1
2014,27906,RESIST_LIGHTNING_ADD,Increase Resistance against Lightning.,1,1
2014,27907,RESIST_POISON_ADD,Increase Resistance against Poison.,1,1
2014,27908,RESIST_CURSE_ADD,Increase Resistance against Curse.,1,1
2014,27909,RESIST_POISON_ADD,Increase Resistance against Poison.,1,1
2015,27910,DEFENSE_MIN_ADD,Increase Defense,7,9
2015,27911,RESIST_ICE_ADD,Increase Resistance against Ice.,1,1
2015,27912,RESIST_LIGHTNING_ADD,Increase Resistance against Lightning.,1,1
2015,27913,RESIST_POISON_ADD,Increase Resistance against Poison.,1,1
2015,27914,RESIST_CURSE_ADD,Increase Resistance against Curse.,1,1
2015,27915,RESIST_POISON_ADD,Increase Resistance against Poison.,1,1
2016,27916,DEFENSE_MIN_ADD,Increase Defense,9,12
2016,27917,RESIST_ICE_ADD,Increase Resistance against Ice.,1,1
2016,27918,RESIST_LIGHTNING_ADD,Increase Resistance against Lightning.,1,1
2016,27919,RESIST_POISON_ADD,Increase Resistance against Poison.,1,1
2016,27920,RESIST_CURSE_ADD,Increase Resistance against Curse.,1,1
2016,27921,RESIST_POISON_ADD,Increase Resistance against Poison.,1,1
2017,27922,DEFENSE_MIN_ADD,Increase Defense,12,15
2017,27923,RESIST_ICE_ADD,Increase Resistance against Ice.,1,1
2017,27924,RESIST_LIGHTNING_ADD,Increase Resistance against Lightning.,1,1
2017,27925,RESIST_POISON_ADD,Increase Resistance against Poison.,1,1
2017,27926,RESIST_CURSE_ADD,Increase Resistance against Curse.,1,1
2017,27927,RESIST_POISON_ADD,Increase Resistance against Poison.,1,1
2018,27928,DEFENSE_MIN_ADD,Increase Defense,16,17
2018,27929,RESIST_ICE_ADD,Increase Resistance against Ice.,1,1
2018,27930,RESIST_LIGHTNING_ADD,Increase Resistance against Lightning.,1,1
2018,27931,RESIST_POISON_ADD,Increase Resistance against Poison.,1,1
2018,27932,RESIST_CURSE_ADD,Increase Resistance against Curse.,1,1
2018,27933,RESIST_POISON_ADD,Increase Resistance against Poison.,1,1
2019,27934,DEFENSE_MIN_ADD,Increase Defense,17,18
2019,27935,RESIST_ICE_ADD,Increase Resistance against Ice.,1,1
2019,27936,RESIST_LIGHTNING_ADD,Increase Resistance against Lightning.,1,1
2019,27937,RESIST_POISON_ADD,Increase Resistance against Poison.,1,1
2019,27938,RESIST_CURSE_ADD,Increase Resistance against Curse.,1,1
2019,27939,RESIST_POISON_ADD,Increase Resistance against Poison.,1,1
2020,27940,DEFENSE_MIN_ADD,Increase Defense,19,20
2020,27941,RESIST_ICE_ADD,Increase Resistance against Ice.,1,1
2020,27942,RESIST_LIGHTNING_ADD,Increase Resistance against Lightning.,1,1
2020,27943,RESIST_POISON_ADD,Increase Resistance against Poison.,1,1
2020,27944,RESIST_CURSE_ADD,Increase Resistance against Curse.,1,1
2020,27945,RESIST_POISON_ADD,Increase Resistance against Poison.,1,1
2021,27946,DEFENSE_MIN_ADD,Increase Defense,20,21
2021,27947,RESIST_ICE_ADD,Increase Resistance against Ice.,1,1
2021,27948,RESIST_LIGHTNING_ADD,Increase Resistance against Lightning.,1,1
2021,27949,RESIST_POISON_ADD,Increase Resistance against Poison.,1,1
2021,27950,RESIST_CURSE_ADD,Increase Resistance against Curse.,1,1
2021,27951,RESIST_POISON_ADD,Increase Resistance against Poison.,1,1
2022,27952,DAMAGE_MINPHYSICAL_ADD,Increase Attack,1,5
2022,27953,DAMAGE_MINMAGICAL_ADD,Increase Magic Attack,1,5
2022,27954,DAMAGERATE_FIRE_ADD,Fire Attack Increased by %,1,1
2022,27955,DAMAGERATE_ICE_ADD,Ice Attack Increased by %,1,1
2022,27956,DAMAGERATE_LIGHTNING_ADD,Lightning Attack Increased by %,1,1
2022,27957,DAMAGERATE_POISON_ADD,Poison Attack Increased by %,1,1
2022,27958,DAMAGERATE_CURSE_ADD,Curse Attack Increased by %,1,1
2022,27959,SPEED_ATTACK_MUL,Increase Attack Speed,1,1
2023,27960,DAMAGE_MINPHYSICAL_ADD,Increase Attack,5,12
2023,27961,DAMAGE_MINMAGICAL_ADD,Increase Magic Attack,5,11
2023,27962,DAMAGERATE_FIRE_ADD,Fire Attack Increased by %,1,1
2023,27963,DAMAGERATE_ICE_ADD,Ice Attack Increased by %,1,1
2023,27964,DAMAGERATE_LIGHTNING_ADD,Lightning Attack Increased by %,1,1
2023,27965,DAMAGERATE_POISON_ADD,Poison Attack Increased by %,1,1
2023,27966,DAMAGERATE_CURSE_ADD,Curse Attack Increased by %,1,1
2023,27967,SPEED_ATTACK_MUL,Increase Attack Speed,1,1
2024,27968,DAMAGE_MINPHYSICAL_ADD,Increase Attack,12,17
2024,27969,DAMAGE_MINMAGICAL_ADD,Increase Magic Attack,11,15
2024,27970,DAMAGERATE_FIRE_ADD,Fire Attack Increased by %,1,1
2024,27971,DAMAGERATE_ICE_ADD,Ice Attack Increased by %,1,1
2024,27972,DAMAGERATE_LIGHTNING_ADD,Lightning Attack Increased by %,1,1
2024,27973,DAMAGERATE_POISON_ADD,Poison Attack Increased by %,1,1
2024,27974,DAMAGERATE_CURSE_ADD,Curse Attack Increased by %,1,1
2024,27975,SPEED_ATTACK_MUL,Increase Attack Speed,1,1
2025,27976,DAMAGE_MINPHYSICAL_ADD,Increase Attack,17,24
2025,27977,DAMAGE_MINMAGICAL_ADD,Increase Magic Attack,16,21
2025,27978,DAMAGERATE_FIRE_ADD,Fire Attack Increased by %,1,1
2025,27979,DAMAGERATE_ICE_ADD,Ice Attack Increased by %,1,1
2025,27980,DAMAGERATE_LIGHTNING_ADD,Lightning Attack Increased by %,1,1
2025,27981,DAMAGERATE_POISON_ADD,Poison Attack Increased by %,1,1
2025,27982,DAMAGERATE_CURSE_ADD,Curse Attack Increased by %,1,1
2025,27983,SPEED_ATTACK_MUL,Increase Attack Speed,1,1
2026,27984,DAMAGE_MINPHYSICAL_ADD,Increase Attack,24,27
2026,27985,DAMAGE_MINMAGICAL_ADD,Increase Magic Attack,22,25
2026,27986,DAMAGERATE_FIRE_ADD,Fire Attack Increased by %,1,1
2026,27987,DAMAGERATE_ICE_ADD,Ice Attack Increased by %,1,1
2026,27988,DAMAGERATE_LIGHTNING_ADD,Lightning Attack Increased by %,1,1
2026,27989,DAMAGERATE_POISON_ADD,Poison Attack Increased by %,1,1
2026,27990,DAMAGERATE_CURSE_ADD,Curse Attack Increased by %,1,1
2026,27991,SPEED_ATTACK_MUL,Increase Attack Speed,1,1
2027,27992,DAMAGE_MINPHYSICAL_ADD,Increase Attack,28,30
2027,27993,DAMAGE_MINMAGICAL_ADD,Increase Magic Attack,25,28
2027,27994,DAMAGERATE_FIRE_ADD,Fire Attack Increased by %,1,1
2027,27995,DAMAGERATE_ICE_ADD,Ice Attack Increased by %,1,1
2027,27996,DAMAGERATE_LIGHTNING_ADD,Lightning Attack Increased by %,1,1
2027,27997,DAMAGERATE_POISON_ADD,Poison Attack Increased by %,1,1
2027,27998,DAMAGERATE_CURSE_ADD,Curse Attack Increased by %,1,1
2027,27999,SPEED_ATTACK_MUL,Increase Attack Speed,1,1
2028,28000,DAMAGE_MINPHYSICAL_ADD,Increase Attack,30,32
2028,28124,DAMAGE_MINMAGICAL_ADD,Increase Magic Attack,28,31
2028,28125,DAMAGERATE_FIRE_ADD,Fire Attack Increased by %,1,1
2028,28126,DAMAGERATE_ICE_ADD,Ice Attack Increased by %,1,1
2028,28127,DAMAGERATE_LIGHTNING_ADD,Lightning Attack Increased by %,1,1
2028,28005,DAMAGERATE_POISON_ADD,Poison Attack Increased by %,1,1
2028,28006,DAMAGERATE_CURSE_ADD,Curse Attack Increased by %,1,1
2028,28007,SPEED_ATTACK_MUL,Increase Attack Speed,1,1
2029,28008,DAMAGE_MINPHYSICAL_ADD,Increase Attack,32,35
2029,28009,DAMAGE_MINMAGICAL_ADD,Increase Magic Attack,31,34
2029,28010,DAMAGERATE_FIRE_ADD,Fire Attack Increased by %,1,1
2029,28011,DAMAGERATE_ICE_ADD,Ice Attack Increased by %,1,1
2029,28012,DAMAGERATE_LIGHTNING_ADD,Lightning Attack Increased by %,1,1
2029,28013,DAMAGERATE_POISON_ADD,Poison Attack Increased by %,1,1
2029,28014,DAMAGERATE_CURSE_ADD,Curse Attack Increased by %,1,1
2029,28015,SPEED_ATTACK_MUL,Increase Attack Speed,1,1
2030,28016,DAMAGE_MINPHYSICAL_ADD,Increase Attack,35,37
2030,28017,DAMAGE_MINMAGICAL_ADD,Increase Magic Attack,34,36
2030,28018,DAMAGERATE_FIRE_ADD,Fire Attack Increased by %,1,1
2030,28019,DAMAGERATE_ICE_ADD,Ice Attack Increased by %,1,1
2030,28020,DAMAGERATE_LIGHTNING_ADD,Lightning Attack Increased by %,1,1
2030,28021,DAMAGERATE_POISON_ADD,Poison Attack Increased by %,1,1
2030,28022,DAMAGERATE_CURSE_ADD,Curse Attack Increased by %,1,1
2030,28023,SPEED_ATTACK_MUL,Increase Attack Speed,1,1
2031,28024,DAMAGE_MINPHYSICAL_ADD,Increase Attack,37,39
2031,28025,DAMAGE_MINMAGICAL_ADD,Increase Magic Attack,37,39
2031,28026,DAMAGERATE_FIRE_ADD,Fire Attack Increased by %,1,1
2031,28027,DAMAGERATE_ICE_ADD,Ice Attack Increased by %,1,1
2031,28028,DAMAGERATE_LIGHTNING_ADD,Lightning Attack Increased by %,1,1
2031,28029,DAMAGERATE_POISON_ADD,Poison Attack Increased by %,1,1
2031,28030,DAMAGERATE_CURSE_ADD,Curse Attack Increased by %,1,1
2031,28031,SPEED_ATTACK_MUL,Increase Attack Speed,1,1
2032,28032,DEFENSE_MIN_ADD,Increase Defense,1,4
2032,28033,RESIST_ICE_ADD,Increase Resistance against Ice.,1,1
2032,28034,RESIST_LIGHTNING_ADD,Increase Resistance against Lightning.,1,1
2032,28035,RESIST_POISON_ADD,Increase Resistance against Poison.,1,1
2032,28036,RESIST_CURSE_ADD,Increase Resistance against Curse.,1,1
2032,28037,RESIST_POISON_ADD,Increase Resistance against Poison.,1,1
2033,28038,DEFENSE_MIN_ADD,Increase Defense,4,9
2033,28039,RESIST_ICE_ADD,Increase Resistance against Ice.,1,1
2033,28040,RESIST_LIGHTNING_ADD,Increase Resistance against Lightning.,1,1
2033,28041,RESIST_POISON_ADD,Increase Resistance against Poison.,1,1
2033,28042,RESIST_CURSE_ADD,Increase Resistance against Curse.,1,1
2033,28043,RESIST_POISON_ADD,Increase Resistance against Poison.,1,1
2034,28044,DEFENSE_MIN_ADD,Increase Defense,10,14
2034,28045,RESIST_ICE_ADD,Increase Resistance against Ice.,1,1
2034,28046,RESIST_LIGHTNING_ADD,Increase Resistance against Lightning.,1,1
2034,28047,RESIST_POISON_ADD,Increase Resistance against Poison.,1,1
2034,28048,RESIST_CURSE_ADD,Increase Resistance against Curse.,1,1
2034,28049,RESIST_POISON_ADD,Increase Resistance against Poison.,1,1
2035,28050,DEFENSE_MIN_ADD,Increase Defense,14,19
2035,28051,RESIST_ICE_ADD,Increase Resistance against Ice.,1,1
2035,28052,RESIST_LIGHTNING_ADD,Increase Resistance against Lightning.,1,1
2035,28053,RESIST_POISON_ADD,Increase Resistance against Poison.,1,1
2035,28054,RESIST_CURSE_ADD,Increase Resistance against Curse.,1,1
2035,28055,RESIST_POISON_ADD,Increase Resistance against Poison.,1,1
2036,28056,DEFENSE_MIN_ADD,Increase Defense,19,24
2036,28057,RESIST_ICE_ADD,Increase Resistance against Ice.,1,1
2036,28058,RESIST_LIGHTNING_ADD,Increase Resistance against Lightning.,1,1
2036,28059,RESIST_POISON_ADD,Increase Resistance against Poison.,1,1
2036,28060,RESIST_CURSE_ADD,Increase Resistance against Curse.,1,1
2036,28061,RESIST_POISON_ADD,Increase Resistance against Poison.,1,1
2037,28062,DEFENSE_MIN_ADD,Increase Defense,25,31
2037,28063,RESIST_ICE_ADD,Increase Resistance against Ice.,1,1
2037,28064,RESIST_LIGHTNING_ADD,Increase Resistance against Lightning.,1,1
2037,28065,RESIST_POISON_ADD,Increase Resistance against Poison.,1,1
2037,28066,RESIST_CURSE_ADD,Increase Resistance against Curse.,1,1
2037,28067,RESIST_POISON_ADD,Increase Resistance against Poison.,1,1
2038,28068,DEFENSE_MIN_ADD,Increase Defense,32,35
2038,28069,RESIST_ICE_ADD,Increase Resistance against Ice.,1,1
2038,28070,RESIST_LIGHTNING_ADD,Increase Resistance against Lightning.,1,1
2038,28071,RESIST_POISON_ADD,Increase Resistance against Poison.,1,1
2038,28072,RESIST_CURSE_ADD,Increase Resistance against Curse.,1,1
2038,28073,RESIST_POISON_ADD,Increase Resistance against Poison.,1,1
2039,28074,DEFENSE_MIN_ADD,Increase Defense,35,37
2039,28075,RESIST_ICE_ADD,Increase Resistance against Ice.,1,1
2039,28076,RESIST_LIGHTNING_ADD,Increase Resistance against Lightning.,1,1
2039,28077,RESIST_POISON_ADD,Increase Resistance against Poison.,1,1
2039,28078,RESIST_CURSE_ADD,Increase Resistance against Curse.,1,1
2039,28079,RESIST_POISON_ADD,Increase Resistance against Poison.,1,1
2040,28080,DEFENSE_MIN_ADD,Increase Defense,38,40
2040,28081,RESIST_ICE_ADD,Increase Resistance against Ice.,1,1
2040,28082,RESIST_LIGHTNING_ADD,Increase Resistance against Lightning.,1,1
2040,28083,RESIST_POISON_ADD,Increase Resistance against Poison.,1,1
2040,28084,RESIST_CURSE_ADD,Increase Resistance against Curse.,1,1
2040,28085,RESIST_POISON_ADD,Increase Resistance against Poison.,1,1
2041,28086,DEFENSE_MIN_ADD,Increase Defense,40,42
2041,28087,RESIST_ICE_ADD,Increase Resistance against Ice.,1,1
2041,28088,RESIST_LIGHTNING_ADD,Increase Resistance against Lightning.,1,1
2041,28089,RESIST_POISON_ADD,Increase Resistance against Poison.,1,1
2041,28090,RESIST_CURSE_ADD,Increase Resistance against Curse.,1,1
2041,28091,RESIST_POISON_ADD,Increase Resistance against Poison.,1,1
2042,28092,HP_MAX_ADD,Increase Increase Max HP,9,65
2042,28093,HP_RECOVERY_ADD,Increase HP Recovery Speed +,1,1
2042,28094,MP_MAX_ADD,Increase Max MP,4,29
2042,28095,MP_RECOVERY_ADD,Increase MP Recovery Speed +,1,1
2043,28096,HP_MAX_ADD,Increase Increase Max HP,69,126
2043,28097,HP_RECOVERY_ADD,Increase HP Recovery Speed +,1,1
2043,28098,MP_MAX_ADD,Increase Max MP,30,55
2043,28099,MP_RECOVERY_ADD,Increase MP Recovery Speed +,1,1
2044,28100,HP_MAX_ADD,Increase Increase Max HP,130,186
2044,28101,HP_RECOVERY_ADD,Increase HP Recovery Speed +,1,1
2044,28102,MP_MAX_ADD,Increase Max MP,57,82
2044,28103,MP_RECOVERY_ADD,Increase MP Recovery Speed +,1,1
2045,28104,HP_MAX_ADD,Increase Increase Max HP,190,246
2045,28105,HP_RECOVERY_ADD,Increase HP Recovery Speed +,1,1
2045,28106,MP_MAX_ADD,Increase Max MP,84,108
2045,28107,MP_RECOVERY_ADD,Increase MP Recovery Speed +,1,1
2046,28108,HP_MAX_ADD,Increase Increase Max HP,250,307
2046,28109,HP_RECOVERY_ADD,Increase HP Recovery Speed +,1,1
2046,28110,MP_MAX_ADD,Increase Max MP,110,135
2046,28111,MP_RECOVERY_ADD,Increase MP Recovery Speed +,1,1
2047,28112,HP_MAX_ADD,Increase Increase Max HP,311,367
2047,28113,HP_RECOVERY_ADD,Increase HP Recovery Speed +,1,1
2047,28114,MP_MAX_ADD,Increase Max MP,137,161
2047,28115,MP_RECOVERY_ADD,Increase MP Recovery Speed +,1,1
2048,28116,HP_MAX_ADD,Increase Increase Max HP,371,427
2048,28117,HP_RECOVERY_ADD,Increase HP Recovery Speed +,1,1
2048,28118,MP_MAX_ADD,Increase Max MP,163,188
2048,28119,MP_RECOVERY_ADD,Increase MP Recovery Speed +,1,1
2049,28120,HP_MAX_ADD,Increase Increase Max HP,431,488
2049,28121,HP_RECOVERY_ADD,Increase HP Recovery Speed +,1,1
2049,28122,MP_MAX_ADD,Increase Max MP,190,214
2049,28123,MP_RECOVERY_ADD,Increase MP Recovery Speed +,1,1
1701,28001,DEFENSE_MIN_ADD,Defense +,9,17
1701,28002,RESIST_MELEE_ADD,Physical Resist +%,1,1
1701,28003,RESIST_ALL_ADD,All Resistance +,1,1
1701,28004,RESIST_ALL_ADD,All Resistance +,1,1
1711,28201,DEFENSE_MIN_ADD,Defense +,9,17
1711,28202,SPEED_MOVE_MUL,Movement Speed +%,1,2
1711,28203,RESIST_ALL_ADD,All Resistance +,1,1
1711,28204,RESIST_ALL_ADD,All Resistance +,1,1
1721,28401,DAMAGE_PHYSICAL_MUL,Physical Attack +%,1,2
1721,28402,DAMAGERATE_CRITICAL_ADD,Critical Attack +%,4,5
1721,28403,DAMAGERATE_CRITICAL_ADD,Critical Attack +%,4,5
1731,28601,DEFENSE_MIN_ADD,Defense+,25,35
1731,28602,DEFENSE_MIN_ADD,Defense +,25,35
1731,28603,RESIST_ALL_ADD,All Resistance +,1,1
1731,28604,RESIST_ALL_ADD,All Resistance +,1,1
1741,28801,HP_MAX_ADD,Increase Max HP +,250,307
1741,28802,MP_MAX_ADD,Increase Max MP +,110,135
1741,28803,MP_MAX_ADD,Increase Max MP +,110,135
1751,29001,DEFENSE_MIN_ADD,Defense +,17,25
1751,29002,RESIST_ALL_ADD,All Resistance %,1,2
1751,29003,RESIST_ALL_ADD,All Resistance %,1,2
1751,29004,RESIST_ALL_ADD,All Resistance %,1,2
1751,29005,SHIELD_MAX_MUL,PK Shield Increased +,2,3
1751,29006,SHIELD_MAX_MUL,PK Shield Increased +,2,3
1761,29201,DEFENSE_MIN_ADD,Defense +,17,25
1761,29202,SPEED_MOVE_MUL,Movement Speed +%,1,2
1761,29203,DAMAGERATE_CRITICAL_ADD,Magical Attack +%,2,3
1761,29204,SHIELD_MAX_MUL,PK Shield Increased +,4,5
1761,29205,DEFENSE_DEFEATRATE_MUL,Defeat Resistance +%,2,3
1761,29206,DEFENSE_DEFEATRATE_MUL,Defeat Resistance +%,2,3
1771,29401,SHIELD_MAX_MUL,Shield Increased +%,1,2
1771,29402,DAMAGERATE_CRITICAL_ADD,Critical Attack +%,4,5
1771,29403,DAMAGERATE_CRITICAL_ADD,Magical Attack +%,2,3
1771,29404,SHIELD_MAX_MUL,PK Shield Increased +,2,3
1771,29405,SHIELD_MAX_MUL,PK Shield Increased +,2,3
1781,29601,DEFENSE_MIN_ADD,Defense +,35,45
1781,29602,DEFENSE_MIN_ADD,Defense +,35,45
1781,29603,RESIST_ALL_ADD,All Resistance %,1,2
1781,29604,RESIST_ALL_ADD,All Resistance %,1,2
1781,29605,SHIELD_MAX_MUL,PK Shield Increased +,2,3
1781,29606,SHIELD_MAX_MUL,PK Shield Increased +,2,3
1791,29801,HP_MAX_ADD,Increase Max HP +,310,370
1791,29802,MP_MAX_ADD,Increase Max MP +,140,170
1791,29803,SHIELD_MAX_MUL,PK Shield Increased +,3,4
1791,29804,SHIELD_MAX_MUL,PK Shield Increased +,3,4
1801,43001,RESIST_FIRE_ADD,Fire Resistance +%,1,1
1801,43002,RESIST_ICE_ADD,Ice Resistance +%,1,1
1801,43003,RESIST_LIGHTNING_ADD,Lightning Resistance +%,1,1
1801,43004,RESIST_POISON_ADD,Poison Resistance +%,1,1
1801,43005,RESIST_CURSE_ADD,Curse Resistance +%,1,1
1801,43006,RESIST_POISON_ADD,Poison Resistance +%,1,1
1801,43007,DEFENSE_MIN_ADD,Defense +,5,12
1802,43021,RESIST_FIRE_ADD,Fire Resistance +%,1,2
1802,43022,RESIST_ICE_ADD,Ice Resistance +%,1,2
1802,43023,RESIST_LIGHTNING_ADD,Lightning Resistance +%,1,2
1802,43024,RESIST_POISON_ADD,Poison Resistance +%,1,2
1802,43025,RESIST_CURSE_ADD,Curse Resistance +%,1,2
1802,43026,RESIST_POISON_ADD,Poison Resistance +%,1,2
1802,43027,DEFENSE_MIN_ADD,Defense +,7,15
1821,43401,RESIST_FIRE_ADD,Fire Resistance +%,1,1
1821,43402,RESIST_ICE_ADD,Ice Resistance +%,1,1
1821,43403,RESIST_LIGHTNING_ADD,Lightning Resistance +%,1,1
1821,43404,RESIST_POISON_ADD,Poison Resistance +%,1,1
1821,43405,RESIST_CURSE_ADD,Curse Resistance +%,1,1
1821,43406,RESIST_POISON_ADD,Poison Resistance +%,1,1
1821,43407,DEFENSE_MIN_ADD,Defense +,5,12
1821,43408,SPEED_MOVE_MUL,Movement Speed +%,1,2
1822,43421,RESIST_FIRE_ADD,Fire Resistance +%,1,2
1822,43422,RESIST_ICE_ADD,Ice Resistance +%,1,2
1822,43423,RESIST_LIGHTNING_ADD,Lightning Resistance +%,1,2
1822,43424,RESIST_POISON_ADD,Poison Resistance +%,1,2
1822,43425,RESIST_CURSE_ADD,Curse Resistance +%,1,2
1822,43426,RESIST_POISON_ADD,Poison Resistance +%,1,2
1822,43427,DEFENSE_MIN_ADD,Defense +,7,15
1822,43428,SPEED_MOVE_MUL,Movement Speed +%,2,3
1841,43801,DAMAGE_PHYSICAL_MUL,Physical Attack +%,1,1
1841,43802,DAMAGE_MINPHYSICAL_ADD,Increase Attack +,12,17
1841,43803,DAMAGE_MINPHYSICAL_ADD,Increase Attack +,12,17
1841,43804,DAMAGE_MINPHYSICAL_ADD,Increase Attack +,12,17
1841,43805,DAMAGE_MINPHYSICAL_ADD,Increase Attack +,12,17
1841,43806,DAMAGERATE_CRITICAL_ADD,Magical Attack  +%,2,3
1841,43807,DAMAGERATE_CRITICAL_ADD,Magical Attack +%,2,3
1842,43821,DAMAGE_PHYSICAL_MUL,Physical Attack +%,1,1
1842,43822,DAMAGE_MINPHYSICAL_ADD,Increase Attack +,17,24
1842,43823,DAMAGE_MINPHYSICAL_ADD,Increase Attack +,17,24
1842,43824,DAMAGE_MINPHYSICAL_ADD,Increase Attack +,17,24
1842,43825,DAMAGE_MINPHYSICAL_ADD,Increase Attack +,17,24
1842,43826,DAMAGERATE_CRITICAL_ADD,Magical Attack +%,3,4
1842,43827,DAMAGERATE_CRITICAL_ADD,Magical Attack +%,3,4
1861,44201,RESIST_FIRE_ADD,Fire Resistance +%,1,1
1861,44202,RESIST_ICE_ADD,Ice Resistance +%,1,1
1861,44203,RESIST_LIGHTNING_ADD,Lightning Resistance +%,1,1
1861,44204,RESIST_POISON_ADD,Poison Resistance +%,1,1
1861,44205,RESIST_CURSE_ADD,Curse Resistance +%,1,1
1861,44206,RESIST_POISON_ADD,Poison Resistance +%,1,1
1861,44207,DEFENSE_MIN_ADD,Defense +,14,24
1861,44208,RESIST_ALL_ADD,All Resistance +,1,1
1862,44221,RESIST_FIRE_ADD,Fire Resistance +%,1,2
1862,44222,RESIST_ICE_ADD,Ice Resistance +%,1,2
1862,44223,RESIST_LIGHTNING_ADD,Lightning Resistance +%,1,2
1862,44224,RESIST_POISON_ADD,Poison Resistance +%,1,2
1862,44225,RESIST_CURSE_ADD,Curse Resistance +%,1,2
1862,44226,RESIST_POISON_ADD,Poison Resistance +%,1,2
1862,44227,DEFENSE_MIN_ADD,Defense +,19,31
1862,44228,RESIST_ALL_ADD,All Resistance +,1,1
1881,44601,HP_MAX_ADD,Increase Max HP +,130,186
1881,44602,HP_RECOVERY_ADD,Increase HP Recovery Speed +,1,2
1881,44603,MP_MAX_ADD,Increase Max MP +,57,82
1881,44604,MP_RECOVERY_ADD,Increase MP Recovery Speed +,1,2
1882,44621,HP_MAX_ADD,Increase Max HP +,190,246
1882,44622,HP_RECOVERY_ADD,HP Recovery Rate +,2,3
1882,44623,MP_MAX_ADD,Increase Max MP +,84,108
1882,44624,MP_RECOVERY_ADD,Increase MP Recovery Speed +,2,3
1901,45001,RESIST_FIRE_ADD,PK Fire Resistance %,2,3
1901,45002,RESIST_ICE_ADD,PK Ice Resistance %,2,3
1901,45003,RESIST_CURSE_ADD,PK Curse Resistance %,2,3
1901,45004,RESIST_POISON_ADD,PK Poison Resistance %,2,3
1901,45005,RESIST_LIGHTNING_ADD,PK Light Resistance %,2,3
1901,45006,DEFENSE_MIN_ADD,PK Defense Increased +,12,20
1901,45007,SHIELD_MAX_MUL,PK Shield Increased %,1,3
1901,45008,SHIELD_MAX_MUL,PK Shield Increased %,1,3
1902,45021,RESIST_FIRE_ADD,PK Fire Resistance %,3,4
1902,45022,RESIST_ICE_ADD,PK Ice Resistance %,3,4
1902,45023,RESIST_CURSE_ADD,PK Curse Resistance %,3,4
1902,45024,RESIST_POISON_ADD,PK Poison Resistance %,3,4
1902,45025,RESIST_LIGHTNING_ADD,PK Light Resistance %,3,4
1902,45026,DEFENSE_MIN_ADD,PK Defense Increased +,15,23
1902,45027,SHIELD_MAX_MUL,PK Shield Increased %,3,4
1902,45028,SHIELD_MAX_MUL,PK Shield Increased %,3,4
1921,45401,DEFENSE_MIN_ADD,PK Defense Increased +,12,20
1921,45402,SPEED_MOVE_MUL,PK Movement Speed +%,2,3
1921,45403,SHIELD_MAX_MUL,PK Shield Increased +%,2,3
1921,45404,DEFENSE_DEFEATRATE_MUL,PK Defeat Resistance +%,1,1
1921,45405,SPEED_MOVE_MUL,PK Movement Speed +%,1,2
1922,45421,DEFENSE_MIN_ADD,PK Defense Increased +,15,23
1922,45422,SPEED_MOVE_MUL,PK Movement Speed +%,1,2
1922,45423,SHIELD_MAX_MUL,PK Shield Increased +%,4,5
1922,45424,DEFENSE_DEFEATRATE_MUL,PK Decreased Defeat Rate +%,1,2
1922,45425,SPEED_MOVE_MUL,PK Movement Speed +%,2,3
1941,45801,DAMAGE_MAGICAL_MUL,Magic Attack +%,2,3
1941,45802,DAMAGE_PHYSICAL_MUL,PK Physical Increased +%,2,3
1941,45803,RATING_CRITICAL_ADD,PK Critical rate +%,1,1
1941,45804,SPEED_ATTACK_MUL,PK Attack Speed +%,2,3
1941,45805,SHIELD_MAX_MUL,PK Shield Increased %,3,4
1941,45806,SHIELD_MAX_MUL,PK Shield Increased %,3,4
1942,45821,DAMAGE_PHYSICAL_MUL,Physical Attack %,2,3
1942,45822,DAMAGE_MAGICAL_MUL,Magic Attack +%,2,3
1942,45823,RATING_CRITICAL_ADD,PK Increased Critical Rate +%,1,2
1942,45824,SPEED_ATTACK_MUL,PK Attack Speed +%,3,4
1942,45825,SHIELD_MAX_MUL,PK Shield Increased %,4,5
1942,45826,SHIELD_MAX_MUL,PK Shield Increased %,4,5
1961,46201,RESIST_FIRE_ADD,PK Fire Resistance %,2,3
1961,46202,RESIST_ICE_ADD,PK Ice Resistance %,2,3
1961,46203,RESIST_CURSE_ADD,PK Curse Resistance %,2,3
1961,46204,RESIST_POISON_ADD,PK Poison Resistance %,2,3
1961,46205,RESIST_LIGHTNING_ADD,PK Light Resistance %,2,3
1961,46206,DEFENSE_MIN_ADD,PK Defense Increased +,24,34
1961,46207,SHIELD_MAX_MUL,PK Shield Increased %,2,3
1961,46208,SHIELD_MAX_MUL,PK Shield Increased %,2,3
1962,46221,RESIST_FIRE_ADD,PK Fire Resistance %,3,4
1962,46222,RESIST_ICE_ADD,PK Ice Resistance %,3,4
1962,46223,RESIST_CURSE_ADD,PK Curse Resistance %,3,4
1962,46224,RESIST_POISON_ADD,PK Poison Resistance %,3,4
1962,46225,RESIST_LIGHTNING_ADD,PK Light Resistance %,3,4
1981,46601,HP_MAX_ADD,Increased Increase Max HP +,190,250
1981,46602,HP_RECOVERY_ADD,HP Recovery Rate +,1,2
1981,46603,MP_MAX_ADD,Increased Max MP +,90,120
1981,46604,MP_RECOVERY_ADD,MP Recovery Rate +,1,2
1981,46605,SHIELD_MAX_MUL,PK Shield Increased %,3,4
1981,46606,SHIELD_RECOVERYRATE_MUL,PK Shield RecoveryRate +%,1,3
1981,46607,SHIELD_RECOVERYRATE_MUL,PK Shield RecoveryRate +%,1,3
1982,46621,HP_MAX_ADD,Increased Increase Max HP +,250,310
1982,46622,HP_RECOVERY_ADD,HP Recovery Rate +,2,3
1982,46623,MP_MAX_ADD,Increased Max MP +,120,150
1982,46624,MP_RECOVERY_ADD,MP Recovery Rate +,2,3
1982,46625,SHIELD_MAX_MUL,PK Shield Increased %,3,4
1982,46626,SHIELD_RECOVERYRATE_MUL,PK Shield RecoveryRate +%,3,5
1982,46627,SHIELD_RECOVERYRATE_MUL,PK Shield RecoveryRate +%,3,5
